Name	title	coding
t3_1oqjme3	Failed biol 111 midterm	Course Content
t3_1oqvfb0	PSA: Theft at McGill Gym Lockers	Campus Services
t3_1ow42uy	MGSC403 with Sanjith Gopalakrishnan	Course Content
t3_1our5li	Some of you guys can't stop vomiting words for 50 mins	Social
t3_1orboxq	Do you study on Friday night ?	Social
t3_1ourqiw	How to book a room in bronfman (3rd floor)	Campus Services
t3_1ou49av	Struggling with chronic pain as a McGill student	Academic Support
t3_1op86kx	ECON 313 second midterm?	Course Content
t3_1otk449	Staff benefits	Employment
t3_1oq8uof	Can I use the bathroom - comp 206	Social
t3_1otug4k	Mice in SSMU Building ðŸ¤¢	Campus Services
t3_1ovwm0q	COMP 520 Compiler Design	Course Content
t3_1ovlrgd	A secret route to get from Leacock to McMed/Bellini	Campus Services
t3_1osqkkh	Can someone please help me with the questions about the application for Replacement of an Immigration Document ?	Academic Planning
t3_1ow40z9	Where do people print stickers around here?	Campus Services
t3_1ouyv3v	Gym at McGill	Campus Services
t3_1os9nxc	MA Application Research Proposal	Academic Planning
t3_1opo7oc	PSYC 444 midterm 2	Course Content
t3_1otx16p	Recruiting participants for paid study!	Employment
t3_1osbi2d	CALLING ALL THOSE WHO TOOK PHGY 209	Course Content
t3_1orytj7	Is there an Electrical Enginering Helpline community	Academic Support
t3_1orgqol	COMP 421 to learn SQL ?	Course Content
t3_1oud4l8	Math 180 notes today lecture	Course Content
t3_1or8cu2	"interested in bioinformatics, but struggling with courses in comp minor"	Academic Planning
t3_1ow7csm	ANTH 227 Final	Course Content
t3_1ovvec6	Dr. Janzen from Maple	Course Content
t3_1ot3fsv	Tier 2 mixed / open vball !	Social
t3_1ow6nhj	advice on statistics minor courses?	Academic Planning
t3_1oqhpxm	Messed up my transcripts and lost on what to do now.	Academic Planning
t3_1otj3zj	I donâ€™t get it? Why can only horses use it?	Social
t3_1ovdrmi	Comp-206 midterm 2	Course Content
t3_1or0qy3	Best pizza place in campus	Social
t3_1oubf5n	Avoid front gates if you don't have waterproof boots	Campus Services
t3_1ovgqyl	RELG 307 Attendance	Course Content
t3_1os2tp9	McGill Speedcube Club is here!	Social
t3_1ovdqpe	BIOL 306 midterm	Course Content
t3_1orezpz	Greenshield health insurance access	Campus Services
t3_1oupq4i	double major experiences advice?	Academic Planning
t3_1ou0w79	What would make the STM fare system better in your opinion?	Social
t3_1oonplq	PHAR 300!!	Course Content
t3_1ovcwss	Math Minor worth it?	Academic Planning
t3_1os2b8c	FREE - molecular chemistry kit - pick up @ du Parc/Milton	Social
t3_1oueiby	Why do people uptalk? I've noticed way more people uptalking at McGill lately.	Social
t3_1ot2bci	ðŸš¨ mcgill finally has its own purity test ðŸš¨	Social
t3_1ovuvuc	PSYC337 midterm	Course Content
t3_1opjtm2	Phil 200 Quiz 3	Course Content
t3_1oug9a6	Contacting supervisors for MA	Academic Planning
t3_1oq5y98	Best pizza place near campus	Social
t3_1oovipu	Free Tims coffee or tea (any) from NHL picks until 4am	Social
t3_1oqbk6x	U1 winter semester courses HELP!	Academic Planning
